月,営業所,部門,前月末在庫,前月末在庫高,当月入庫,当月入庫高,当月出庫,当月出庫高,月末在庫,月末在庫高,在庫回転率
202504,AJH,医療圏営業部,110,4645319,3310,68372786,3305,67536464,115,5481640,29.37777778
202504,AJM,医療圏営業部,135,8147921,3651,155470787,3643,155810710,143,7807997,26.20863309
202504,AJZ,医療圏営業部,44,1408753,4949,97017186,4957,97286218,36,1139721,123.925
202504,AY1,病院営業部,11,132407,4709,64854814,4626,44285660,94,20701561,88.11428571
202504,AY2,病院営業部,7,11710549,1547,47107566,1542,53532347,12,5285768,162.3157895
202504,AYB,病院営業部,3,54612,3220,153876865,3209,152648115,14,1283363,377.5294118
202504,AYY,病院営業部,162,26933143,3923,50026415,3778,47527878,307,29431681,16.1108742
202504,AYR,病院営業部,114,6695279,10065,160045251,9517,87893175,662,78847355,24.52835052
202504,AYK,病院営業部,14,869613,2988,107013296,2862,100486531,140,7396377,37.16883117
202504,BYA,首都圏GP神奈川営業部,72,2499938,3116,30347104,2940,28353836,248,4493209,18.375
202504,BYB,首都圏GP神奈川営業部,16,853067,4047,59589139,3819,39976443,244,20465766,29.37692308
202504,BYV,首都圏GP神奈川営業部,126,8677305,2370,24181924,2442,28853116,54,4006110,27.13333333
202504,BYP,首都圏GP神奈川営業部,140,10364270,401,9102976,522,18842949,19,624297,6.566037736
202505,AJH,医療圏営業部,115,5481640,1928,55877138,1888,48849783,155,12508996,13.98518519
202505,AJM,医療圏営業部,143,7807997,2641,88596496,2633,87019226,151,9385267,17.91156463
202505,AJZ,医療圏営業部,36,1139721,2971,66013233,2608,35336742,399,31816213,11.9908046
202505,AY1,病院営業部,94,20701561,2785,22768477,2833,36787794,46,6682243,40.47142857
202505,AY2,病院営業部,12,5285768,1759,76545085,1689,58972213,82,22858640,35.93617021
202505,AYB,病院営業部,14,1283363,2637,103816783,2580,96994847,71,8105298,60.70588235
202505,AYY,病院営業部,307,29431681,3147,48609931,3072,37911813,382,40129798,8.917271408
202505,AYR,病院営業部,662,78847355,7099,72544524,7614,147525271,147,3866607,18.82323857
202505,AYK,病院営業部,140,7396377,2805,130051574,2750,117658974,195,19788980,16.41791045
202505,BYA,首都圏GP神奈川営業部,248,4493209,1680,27831041,1799,15081519,129,17242731,9.543766578
202505,BYB,首都圏GP神奈川営業部,244,20465766,4193,28092281,4213,41593996,224,6964053,18.0042735
202505,BYV,首都圏GP神奈川営業部,54,4006110,1753,17379469,1629,14469460,178,6916120,14.04310345
202505,BYP,首都圏GP神奈川営業部,19,624297,264,12848797,266,12541245,17,931851,14.77777778
202506,AJH,医療圏営業部,155,12508996,2721,95574536,2752,99377480,124,8706054,19.72759857
202506,AJM,医療圏営業部,151,9385267,4010,157174534,3769,139547216,392,27012586,13.88213628
202506,AJZ,医療圏営業部,399,31816213,4218,68328527,4343,79648585,274,20496156,12.9063893
202506,AY1,病院営業部,46,6682243,3419,55130779,3441,59275418,24,2537603,98.31428571
202506,AY2,病院営業部,82,22858640,1828,90741587,1872,93323235,38,20276992,31.2
202506,AYB,病院営業部,71,8105298,2467,147776836,2415,123717905,123,32164229,24.89690722
202506,AYY,病院営業部,382,40129798,3535,61790902,3815,99107393,102,2813308,15.76446281
202506,AYR,病院営業部,147,3866607,9032,96218368,8650,93102833,529,6982141,25.59171598
202506,AYK,病院営業部,195,19788980,2766,121111728,2895,125489622,66,15411089,22.18390805
202506,BYA,首都圏GP神奈川営業部,129,17242731,1954,31620639,1995,42143510,88,6719860,18.38709677
202506,BYB,首都圏GP神奈川営業部,224,6964053,3325,21225043,3482,24577796,67,3611301,23.93127148
202506,BYV,首都圏GP神奈川営業部,178,6916120,1686,51406511,1595,22214725,269,36107910,7.136465324
202506,BYP,首都圏GP神奈川営業部,17,931851,376,9403253,364,9157186,29,1177918,15.82608696
202507,AJH,医療圏営業部,124,8706054,2633,78027051,2590,75370433,167,11362673,17.80068729
202507,AJM,医療圏営業部,392,27012586,3422,138635614,3547,143684274,267,21963928,10.76479514
202507,AJZ,医療圏営業部,274,20496156,5381,42120758,5556,60135397,99,2481518,29.79088472
202507,AY1,病院営業部,24,2537603,2869,72062976,2806,39614999,87,34985579,50.55855856
202507,AY2,病院営業部,38,20276992,1586,49328841,1543,52891317,81,16714516,25.93277311
202507,AYB,病院営業部,123,32164229,3352,244774471,2989,139260815,486,137677885,9.816091954
202507,AYY,病院営業部,102,2813308,4092,52915504,4095,52561867,99,3166944,40.74626866
202507,AYR,病院営業部,529,6982141,9551,102565471,9968,107406079,112,2141533,31.10140406
202507,AYK,病院営業部,66,15411089,2969,101119286,2992,110672410,43,5857966,54.89908257
202507,BYA,首都圏GP神奈川営業部,88,6719860,2031,28644950,2004,19625187,115,15739623,19.74384236
202507,BYB,首都圏GP神奈川営業部,67,3611301,3979,44447594,3909,24795233,137,23263665,38.32352941
202507,BYV,首都圏GP神奈川営業部,269,36107910,1463,14482799,1653,42878478,79,7712236,9.5
202507,BYP,首都圏GP神奈川営業部,29,1177918,952,63738355,944,62986072,37,1930203,28.60606061
202508,AJH,医療圏営業部,167,11362673,2343,57933172,2423,63834766,87,5461079,19.07874016
202508,AJM,医療圏営業部,267,21963928,3690,170916281,3399,151341576,558,41538634,8.24
202508,AJZ,医療圏営業部,99,2481518,3092,66357758,3104,42025883,87,26813393,33.37634409
202508,AY1,病院営業部,87,34985579,3003,62380772,2928,45185671,162,52180681,23.51807229
202508,AY2,病院営業部,81,16714516,1376,33807136,1380,36398990,77,14122663,17.46835443
202508,AYB,病院営業部,486,137677885,2057,109698464,2317,185288206,226,62088141,6.508426966
202508,AYY,病院営業部,99,3166944,3000,85010347,2835,61930708,264,26246581,15.61983471
202508,AYR,病院営業部,112,2141533,6090,95878287,6061,96208999,141,1810820,47.91304348
202508,AYK,病院営業部,43,5857966,2283,81599702,2249,84760272,77,2697397,37.48333333
202508,BYA,首都圏GP神奈川営業部,115,15739623,2011,24547420,2075,30875166,51,9411878,25
202508,BYB,首都圏GP神奈川営業部,137,23263665,3414,25237259,3413,36072522,138,12428401,24.82181818
202508,BYV,首都圏GP神奈川営業部,79,7712236,1519,12212263,1513,11008404,85,8916097,18.45121951
202508,BYP,首都圏GP神奈川営業部,37,1930203,341,18831535,358,19817810,20,943927,12.56140351
202509,AJH,医療圏営業部,87,5461079,1701,67288206,1731,68971686,57,3777599,24.04166667
202509,AJM,医療圏営業部,558,41538634,3856,168125920,3550,162698973,864,46965577,4.992967651
202509,AJZ,医療圏営業部,87,26813393,4345,62667025,4346,84235865,86,5244553,50.24277457
202509,AY1,病院営業部,162,52180681,3143,64552314,3298,116581749,7,151245,39.0295858
202509,AY2,病院営業部,77,14122663,1412,110015018,1438,109028774,51,15108906,22.46875
202509,AYB,病院営業部,226,62088141,2700,207306485,2866,264623439,60,4771185,20.04195804
202509,AYY,病院営業部,264,26246581,3676,119835041,3830,128433530,110,17648091,20.48128342
202509,AYR,病院営業部,141,1810820,7929,139753500,7940,139680259,130,1884061,58.59778598
202509,AYK,病院営業部,77,2697397,2820,122108077,2870,122701518,27,2103956,55.19230769
202509,BYA,首都圏GP神奈川営業部,51,9411878,2939,17024470,2924,21505251,66,4931097,49.98290598
202509,BYB,首都圏GP神奈川営業部,138,12428401,3510,38247651,3466,40873710,182,9802341,21.6625
202509,BYV,首都圏GP神奈川営業部,85,8916097,911,30203783,910,32246840,86,6873046,10.64327485
202509,BYP,首都圏GP神奈川営業部,20,943927,539,26930333,465,25333814,94,2540449,8.157894737
202510,AJH,医療圏営業部,57,3777599,2293,55914420,2278,55030289,72,4661730,35.31782946
202510,AJM,医療圏営業部,864,46965577,2074,123096089,2773,155427855,165,14633810,5.389698737
202510,AJZ,医療圏営業部,86,5244553,4517,75489864,4509,74658093,94,6076324,50.1
202510,AY1,病院営業部,7,151245,2320,36019165,2323,36048040,4,122370,422.3636364
202510,AY2,病院営業部,51,15108906,1726,32909315,1718,30159287,59,17858935,31.23636364
202510,AYB,病院営業部,60,4771185,3131,188925981,3165,179777635,26,13919534,73.60465116
202510,AYY,病院営業部,110,17648091,3030,55379162,3046,52961608,94,20065646,29.8627451
202510,AYR,病院営業部,130,1884061,6472,93441020,6582,90218463,20,5106617,87.76
202510,AYK,病院営業部,27,2103956,3005,161552705,2985,159779142,47,3877518,80.67567568
202510,BYA,首都圏GP神奈川営業部,66,4931097,2423,30722891,2484,35348916,5,305073,69.97183099
202510,BYB,首都圏GP神奈川営業部,182,9802341,3745,32630628,3877,32459639,50,9973328,33.42241379
202510,BYV,首都圏GP神奈川営業部,86,6873046,2328,31617286,2348,32886745,66,5603590,30.89473684
202510,BYP,首都圏GP神奈川営業部,94,2540449,210,4861804,296,7361500,8,40753,5.803921569
202511,AJH,医療圏営業部,72,4661730,1857,64451091,1806,58171076,123,10941745,18.52307692
202511,AJM,医療圏営業部,165,14633810,1646,90159015,1632,92461230,179,12331596,9.488372093
202511,AJZ,医療圏営業部,94,6076324,3953,102092982,3812,70306597,235,37862709,23.17325228
202511,AY1,病院営業部,4,122370,2501,46360112,2453,31975902,52,14506580,87.60714286
202511,AY2,病院営業部,59,17858935,1332,54394718,1329,50239572,62,22014079,21.96694215
202511,AYB,病院営業部,26,13919534,2845,167170460,2723,156297433,148,24792559,31.29885057
202511,AYY,病院営業部,94,20065646,3001,35525665,3025,52862344,70,2728967,36.8902439
202511,AYR,病院営業部,20,5106617,7153,89917941,6726,55154954,447,39869603,28.80513919
202511,AYK,病院営業部,47,3877518,3144,147298969,2969,120462770,222,30713718,22.07434944
202511,BYA,首都圏GP神奈川営業部,5,305073,1930,28315850,1919,27621774,16,999149,182.7619048
202511,BYB,首都圏GP神奈川営業部,50,9973328,3134,37366624,3131,36718472,53,10621479,60.7961165
202511,BYV,首都圏GP神奈川営業部,66,5603590,891,40760639,851,40196271,106,6167960,9.895348837
202511,BYP,首都圏GP神奈川営業部,8,40753,891,28393023,885,28052784,14,380991,80.45454545
202512,AJH,医療圏営業部,123,10941745,3504,148794739,3299,116626434,328,43110050,14.62971175
202512,AJM,医療圏営業部,179,12331596,1766,106193141,1822,111041697,123,7483039,12.06622517
202512,AJZ,医療圏営業部,235,37862709,9816,76335791,9982,81444368,69,32754132,65.67105263
202512,AY1,病院営業部,52,14506580,3651,78861482,3501,63497694,202,29870369,27.56692913
202512,AY2,病院営業部,62,22014079,1655,53485936,1664,60530160,53,14969854,28.93913043
202512,AYB,病院営業部,148,24792559,3799,133087013,3797,144158214,150,13721358,25.48322148
202512,AYY,病院営業部,70,2728967,4473,77846699,4453,66937576,90,13638090,55.6625
202512,AYR,病院営業部,447,39869603,8810,95162373,8814,131411480,443,3620497,19.80674157
202512,AYK,病院営業部,222,30713718,3536,112343550,3649,119497843,109,23559425,22.04833837
202512,BYA,首都圏GP神奈川営業部,16,999149,2706,25896236,2708,26142336,14,753049,180.5333333
202512,BYB,首都圏GP神奈川営業部,53,10621479,4056,54918016,4040,52058336,69,13481160,66.2295082
202512,BYV,首都圏GP神奈川営業部,106,6167960,1687,19393988,1715,18153519,78,7408431,18.64130435
202512,BYP,首都圏GP神奈川営業部,14,380991,610,16207098,615,16537638,9,50453,53.47826087
202601,AJH,医療圏営業部,328,43110050,1754,102042347,1626,65575328,456,79577073,4.147959184
202601,AJM,医療圏営業部,123,7483039,1227,71698787,1160,59688586,190,19493241,7.412140575
202601,AJZ,医療圏営業部,69,32754132,1744,56454383,1574,65393119,239,23815396,10.22077922
202601,AY1,病院営業部,202,29870369,2344,39011290,2449,52800384,97,16081274,16.3812709
202601,AY2,病院営業部,53,14969854,1373,31440815,1417,46229111,9,181560,45.70967742
202601,AYB,病院営業部,150,13721358,1896,87136330,1828,79483368,218,21374319,9.934782609
202601,AYY,病院営業部,90,13638090,2682,77905860,2695,70426680,77,21117270,32.2754491
202601,AYR,病院営業部,443,3620497,5820,128065058,6180,93120680,83,38564875,23.49809886
202601,AYK,病院営業部,109,23559425,2927,104350838,1943,64072098,1093,63838165,3.232945092
202601,BYA,首都圏GP神奈川営業部,14,753049,1490,22614920,1474,19164561,30,4203408,67
202601,BYB,首都圏GP神奈川営業部,69,13481160,2771,22385530,2799,32156700,41,3709989,50.89090909
202601,BYV,首都圏GP神奈川営業部,78,7408431,1044,14210551,1030,10884675,92,10734307,12.11764706
202601,BYP,首都圏GP神奈川営業部,9,50453,368,17154315,366,16765569,11,439199,36.6
202602,AJH,医療圏営業部,456,79577073,1969,151853152,1484,41347545,941,190082681,2.124552613
202602,AJM,医療圏営業部,190,19493241,1786,112750183,1667,87317667,309,44925756,6.681362725
202602,AJZ,医療圏営業部,239,23815396,1725,52522353,1793,32769467,171,43568281,8.746341463
202602,AY1,病院営業部,97,16081274,3452,112181786,3381,62880337,168,65382725,25.51698113
202602,AY2,病院営業部,9,181560,1253,29671475,1225,19737735,37,10115300,53.26086957
202602,AYB,病院営業部,218,21374319,2892,148212279,2923,156745519,187,12841080,14.4345679
202602,AYY,病院営業部,77,21117270,2977,115792214,2932,111010274,122,25899210,29.46733668
202602,AYR,病院営業部,83,38564875,6438,146330562,6412,145293853,109,39601585,66.79166667
202602,AYK,病院営業部,1093,63838165,3210,73117728,4273,129927473,30,7028420,7.609973286
202602,BYA,首都圏GP神奈川営業部,30,4203408,2210,55728957,2113,45473645,127,14458718,26.91719745
202602,BYB,首都圏GP神奈川営業部,41,3709989,3600,36061718,3558,22683898,83,17087809,57.38709677
202602,BYV,首都圏GP神奈川営業部,92,10734307,1725,59061797,1686,17927292,131,51868813,15.12107623
202602,BYP,首都圏GP神奈川営業部,11,439199,2809,207581159,726,41553219,2094,166467140,0.689786223
202603,AJH,医療圏営業部,941,190082681,3171,138223002,3664,282064423,364,18119099,5.61532567
202603,AJM,医療圏営業部,309,44925756,1725,146150409,1738,170699362,295,20372726,5.754966887
202603,AJZ,医療圏営業部,171,43568281,1881,112640200,2001,147541822,47,7753860,18.35779817
202603,AY1,病院営業部,168,65382725,2689,59239714,2830,116191480,19,5862959,30.26737968
202603,AY2,病院営業部,37,10115300,1347,40284517,1379,50029647,5,370170,65.66666667
202603,AYB,病院営業部,187,12841080,2548,119545713,2629,131656093,105,277200,18.00684932
202603,AYY,病院営業部,122,25899210,3272,110586221,3362,132988612,32,3496819,43.66233766
202603,AYR,病院営業部,109,39601585,8423,124002587,8497,151887142,3,837030,151.7321429
202603,AYK,病院営業部,30,7028420,2593,76339854,2620,83032154,2,15120,163.75
202603,BYA,首都圏GP神奈川営業部,127,14458718,2198,78039139,2275,86201498,50,6296361,25.70621469
202603,BYB,首都圏GP神奈川営業部,83,17087809,3515,50959586,3361,58493126,229,6986270,21.54487179
202603,BYV,首都圏GP神奈川営業部,131,51868813,1308,18946455,1389,62282482,36,5845393,16.63473054
202603,BYP,首都圏GP神奈川営業部,2094,166467140,799,34341109,2490,172263299,403,28544950,1.994393272
202604,AJH,医療圏営業部,364,18119099,2465,63224404,2677,72341664,152,9001839,10.37596899
202604,AJM,医療圏営業部,295,20372726,1978,101061389,1974,62867085,296,58087329,6.680203046
202604,AJZ,医療圏営業部,47,7753860,5913,79956984,5683,37020544,277,50690299,35.08024691
202604,AY1,病院営業部,19,5862959,3552,50434660,3516,48129558,55,8168060,95.02702703
202604,AY2,病院営業部,5,370170,4437,99097801,4306,97863251,136,1604720,61.07801418
202604,AYB,病院営業部,105,277200,118,19673070,223,19950270,0,0,4.247619048
202604,AYY,病院営業部,32,3496819,3688,84324616,3637,80233275,83,7588160,63.25217391
202604,AYR,病院営業部,3,837030,10279,206715770,9758,200652100,524,6900700,37.03225806
202604,AYK,病院営業部,2,15120,3067,68507607,3054,65942387,15,2580340,359.2941176
202604,BYA,首都圏GP神奈川営業部,50,6296361,3410,33649642,3423,32597974,37,7348029,78.68965517
202604,BYB,首都圏GP神奈川営業部,229,6986270,5965,43081921,6046,40770812,148,9297379,32.07427056
202604,BYV,首都圏GP神奈川営業部,36,5845393,1779,32699065,1728,19563744,87,18980714,28.09756098
202604,BYP,首都圏GP神奈川営業部,403,28544950,509,11264220,888,38345050,24,1464120,4.159250585
202605,AJH,医療圏営業部,152,9001839,2029,78140918,1663,55599448,518,31543309,4.96417910447761
202605,AJM,医療圏営業部,296,58087329,1246,16287968,1295,41242457,247,33132840,4.76979742173112
202605,AJZ,医療圏営業部,277,50690299,3525,36511832,3362,25899267,440,61302864,9.37796373779637
202605,AY1,病院営業部,55,8168060,2552,33412923,2529,26293083,78,15287900,38.0300751879699
202605,AY2,病院営業部,136,1604720,3208,118740888,3154,94589803,190,25755805,19.3496932515337
202605,AYB,病院営業部,0,0,0,0,0,0,0,0,0
202605,AYY,病院営業部,83,7588160,1929,14692805,1952,20309215,60,1971750,27.3006993006993
202605,AYR,病院営業部,524,6900700,5330,47163366,5660,45054436,194,9009630,15.7660167130919
202605,AYK,病院営業部,15,2580340,2520,53785798,2458,42071463,77,14294675,53.4347826086956
202605,BYA,首都圏GP神奈川営業部,37,7348029,2979,16037716,2711,21191207,305,2194537,15.8538011695906
202605,BYB,首都圏GP神奈川営業部,148,9297379,3434,37446261,3255,20493943,327,26249696,13.7052631578947
202605,BYV,首都圏GP神奈川営業部,87,18980714,760,23331270,798,26403290,49,15908693,11.7352941176471
202605,BYP,首都圏GP神奈川営業部,24,1464120,847,42074326,862,43118046,9,420400,52.2424242424242
202606,AJH,医療圏営業部,518,31543309,1863,60877597,2330,83113904,51,9307002,8.18980667838313
202606,AJM,医療圏営業部,247,33132840,1618,34584404,1537,47754734,328,19962510,5.34608695652174
202606,AJZ,医療圏営業部,440,61302864,3685,71786117,3656,97014247,467,36021534,8.06174200661522
202606,AY1,病院営業部,78,15287900,3131,24536840,3093,21321840,116,18502900,31.8865979381443
202606,AY2,病院営業部,190,25755805,3197,99225288,3201,104989053,186,19992040,17.0265957446809
202606,AYB,病院営業部,0,0,0,0,0,0,0,0,0
202606,AYY,病院営業部,60,1971750,3171,38654930,3173,31572560,58,9054120,53.7796610169492
202606,AYR,病院営業部,194,9009630,7685,49260455,7833,55135685,46,3134400,65.275
202606,AYK,病院営業部,77,14294675,2986,24983852,2908,37790337,155,1488190,25.0689655172414
202606,BYA,首都圏GP神奈川営業部,305,2194537,1959,32967383,2094,17932932,170,17228988,8.81684210526316
202606,BYB,首都圏GP神奈川営業部,327,26249696,3745,32237597,3890,47850585,182,10636707,15.2848722986248
202606,BYV,首都圏GP神奈川営業部,49,15908693,1591,11487500,1613,24165620,27,3230575,42.4473684210526
202606,BYP,首都圏GP神奈川営業部,9,420400,469,19238050,425,16534590,53,3123860,13.7096774193548
